countyid,blockgroups,tracts
15000US17191,18,5
15000US17193,15,5
15000US26099,626,217
15000US17195,62,18
15000US17197,392,152
15000US26095,7,4
15000US17199,55,15
15000US26097,13,6
15000US26091,81,23
15000US26093,112,60
15000US22089,33,12
15000US36061,1169,287
15000US36063,175,62
15000US22085,22,7
15000US36065,186,74
15000US36067,379,139
15000US36069,81,25
15000US53023,2,1
15000US38053,5,3
15000US22083,16,6
15000US13011,6,4
15000US17047,7,3
15000US13013,33,17
15000US17045,19,5
15000US13015,48,14
15000US17043,616,216
15000US13017,14,4
15000US12019,80,30
15000US13019,14,6
15000US12017,87,28
15000US12015,107,39
15000US12013,9,3
15000US12011,939,362
15000US38073,5,3
15000US50001,29,10
15000US49039,18,5
15000US39021,33,10
15000US49031,1,1
15000US49033,1,1
15000US49035,611,212
15000US49037,10,4
15000US45019,234,86
15000US13309,5,2
15000US26149,55,17
15000US13305,22,6
15000US45013,111,41
15000US13307,1,1
15000US45011,19,6
15000US13301,5,2
15000US45017,11,3
15000US13303,15,5
15000US45015,99,45
15000US39151,275,85
15000US39153,451,134
15000US39155,192,55
15000US39157,76,21
15000US39159,29,10
15000US41023,7,2
15000US41021,2,1
15000US41027,18,4
15000US41025,6,2
15000US41029,126,41
15000US27173,13,4
15000US47025,21,9
15000US18183,27,7
15000US18181,25,8
15000US13169,10,5
15000US08111,0,0
15000US51095,26,11
15000US08113,5,4
15000US51093,23,8
15000US08115,2,1
15000US51091,2,1
15000US08117,21,5
15000US13161,10,3
15000US08119,14,6
15000US13163,16,4
15000US22067,24,8
15000US13165,7,2
15000US22061,32,10
15000US13167,7,3
15000US22063,53,17
15000US51043,10,3
15000US36089,106,28
15000US36087,202,65
15000US36085,337,110
15000US36083,124,42
15000US36081,1745,668
15000US19109,17,6
15000US30039,2,1
15000US21045,13,4
15000US21043,19,7
15000US21041,9,3
15000US19101,12,4
15000US30031,59,22
15000US19103,71,24
15000US30033,0,0
15000US19105,17,5
15000US30035,14,4
15000US21049,25,10
15000US30037,0,0
15000US34027,294,100
15000US51127,9,3
15000US34025,468,144
15000US34023,522,175
15000US34021,241,76
15000US51049,7,2
15000US48143,28,8
15000US51570,10,5
15000US48141,512,161
15000US48147,29,9
15000US51125,11,3
15000US34029,377,126
15000US38081,5,2
15000US08029,23,7
15000US08025,3,1
15000US08027,3,1
15000US08021,5,2
15000US08023,3,2
15000US40007,6,3
15000US40005,11,4
15000US40003,4,3
15000US40001,17,5
15000US38085,3,2
15000US40009,17,4
15000US38069,4,2
15000US38087,0,0
15000US19075,11,4
15000US19077,9,3
15000US19071,7,3
15000US19073,8,4
15000US17049,24,8
15000US19079,16,5
15000US42069,180,59
15000US37119,554,233
15000US37113,27,9
15000US37111,30,10
15000US37117,20,6
15000US37115,15,6
15000US47095,6,2
15000US31149,1,1
15000US47097,23,9
15000US47091,11,4
15000US47093,241,111
15000US31143,4,2
15000US31141,27,7
15000US31147,6,3
15000US47099,29,11
15000US31145,11,3
15000US53015,88,23
15000US53017,28,8
15000US53011,279,104
15000US53013,4,1
15000US53019,6,2
15000US48363,23,9
15000US48361,64,21
15000US19159,5,2
15000US48367,54,19
15000US48365,20,6
15000US48369,8,2
15000US27041,24,9
15000US28063,6,2
15000US27043,17,6
15000US28061,12,4
15000US27045,22,6
15000US28067,51,14
15000US27047,30,10
15000US20029,11,4
15000US27049,36,10
15000US20027,8,2
15000US29045,6,3
15000US20025,1,1
15000US29043,35,14
15000US20023,3,1
15000US29041,8,3
15000US20021,20,6
15000US21099,15,5
15000US35047,23,7
15000US35045,96,33
15000US35043,71,28
15000US35041,16,5
15000US29199,6,2
15000US29195,23,8
15000US29197,4,2
15000US28117,19,5
15000US28115,18,6
15000US28113,29,8
15000US48219,17,6
15000US28111,9,3
15000US48217,23,11
15000US48215,338,113
15000US48213,53,17
15000US48211,3,1
15000US28119,8,3
15000US37079,12,4
15000US27139,60,21
15000US27135,12,5
15000US27137,209,67
15000US02282,0,0
15000US27133,8,3
15000US16071,2,1
15000US16073,9,3
15000US16075,14,4
15000US16077,6,2
15000US16079,17,3
15000US47119,49,17
15000US54021,8,2
15000US37071,172,65
15000US54023,9,3
15000US55003,17,7
15000US54025,30,7
15000US54027,15,5
15000US54029,30,8
15000US37073,9,3
15000US48503,16,4
15000US06063,21,7
15000US37075,7,3
15000US02198,9,4
15000US37077,31,13
15000US50015,14,7
15000US02195,3,1
15000US39039,35,9
15000US19089,9,3
15000US39033,47,13
15000US39031,32,10
15000US39037,51,12
15000US39035,1161,447
15000US24041,27,11
15000US06019,588,198
15000US24043,94,32
15000US24045,70,19
15000US24047,47,17
15000US06013,636,208
15000US38039,1,1
15000US06011,19,5
15000US06017,124,43
15000US06015,19,8
15000US22091,8,2
15000US22093,17,7
15000US22095,29,11
15000US17185,13,4
15000US26061,35,12
15000US22099,31,11
15000US17189,18,4
15000US26063,38,13
15000US50017,22,10
15000US26065,236,81
15000US12009,317,114
15000US17053,15,5
15000US17055,40,12
15000US17057,42,12
15000US12001,154,56
15000US12003,11,4
15000US26067,45,13
15000US12005,108,44
15000US12007,17,4
15000US26147,137,50
15000US51121,57,16
15000US48507,8,3
15000US36015,86,22
15000US21149,8,3
15000US26145,172,56
15000US01093,27,8
15000US01091,23,6
15000US01097,268,114
15000US01095,64,18
15000US26143,24,10
15000US01099,20,6
15000US49029,4,2
15000US50011,36,10
15000US26141,16,7
15000US49023,6,2
15000US72015,13,5
15000US49021,26,8
15000US72017,16,5
15000US49027,10,3
15000US72011,21,8
15000US49025,6,2
15000US72013,74,25
15000US45005,9,3
15000US45007,124,39
15000US45001,20,6
15000US45003,106,33
15000US48209,79,25
15000US45009,16,4
15000US39143,58,15
15000US55089,60,19
15000US39141,61,17
15000US39147,56,14
15000US53067,160,50
15000US39145,72,20
15000US55081,34,9
15000US39149,38,10
15000US55083,28,11
15000US18029,33,10
15000US55087,130,40
15000US50013,7,2
15000US08103,6,2
15000US13195,15,6
15000US08101,133,55
15000US13197,4,2
15000US08107,18,8
15000US13191,10,5
15000US22079,96,33
15000US13193,12,4
15000US22077,15,6
15000US08109,5,2
15000US22073,112,40
15000US13199,19,4
15000US22071,496,177
15000US13205,16,5
15000US13207,13,5
15000US13201,4,2
15000US13209,6,3
15000US21073,37,11
15000US30029,69,19
15000US21071,40,10
15000US21077,3,2
15000US21075,8,2
15000US30023,10,3
15000US30021,10,3
15000US21079,11,4
15000US30027,5,2
15000US30025,2,1
15000US34013,670,210
15000US34011,99,35
15000US34017,444,166
15000US34015,190,63
15000US34019,78,26
15000US48179,23,7
15000US08039,14,7
15000US08037,28,13
15000US08035,154,61
15000US08033,1,1
15000US08031,480,144
15000US40011,11,5
15000US40013,30,11
15000US40015,27,8
15000US51139,20,5
15000US40017,77,29
15000US41019,84,23
15000US40019,41,11
15000US41017,84,23
15000US41015,16,6
15000US41013,15,4
15000US41011,63,14
15000US48349,34,10
15000US48059,11,3
15000US53071,42,12
15000US19001,8,3
15000US19003,3,2
15000US19005,14,5
15000US19007,13,5
15000US19009,8,3
15000US47039,9,4
15000US53075,32,10
15000US37105,36,13
15000US37107,46,15
15000US37101,83,25
15000US37103,6,3
15000US54017,7,2
15000US37109,49,18
15000US47087,8,4
15000US31177,17,5
15000US47085,15,5
15000US31175,4,2
15000US47083,6,3
15000US31173,5,2
15000US47081,13,6
15000US31171,0,0
15000US47089,31,9
15000US31179,9,2
15000US48347,38,13
15000US25015,104,36
15000US25017,1132,318
15000US25011,61,18
15000US25013,336,103
15000US48357,8,3
15000US48355,241,81
15000US25019,11,6
15000US48351,13,4
15000US48023,4,1
15000US48199,36,11
15000US48195,4,2
15000US48197,4,1
15000US48191,2,1
15000US37009,21,6
15000US20039,3,1
15000US51097,4,2
15000US29079,11,4
15000US20031,7,3
15000US29073,12,5
15000US20033,2,1
15000US29071,64,17
15000US20035,32,11
15000US29077,166,62
15000US20037,33,11
15000US29075,6,2
15000US35059,2,1
15000US46135,18,5
15000US46137,1,1
15000US37005,10,3
15000US35051,7,4
15000US35053,11,5
15000US35055,21,6
15000US35057,10,4
15000US22069,34,9
15000US37007,18,6
15000US37001,112,36
15000US28101,19,5
15000US28103,9,3
15000US48229,2,1
15000US28105,26,8
15000US28107,20,6
15000US22065,9,5
15000US28109,30,9
15000US48223,26,9
15000US37003,23,7
15000US48227,27,10
15000US48225,20,7
15000US27149,10,3
15000US02290,8,4
15000US27143,15,4
15000US27145,97,29
15000US27147,25,8
15000US16063,3,1
15000US16061,5,3
15000US16067,15,5
15000US51099,10,5
15000US16065,21,6
15000US42035,36,9
15000US16069,35,10
15000US42037,54,15
15000US28079,17,5
15000US28075,65,19
15000US28077,10,3
15000US28071,29,10
15000US28073,27,8
15000US53031,26,8
15000US02185,5,3
15000US02180,9,2
15000US02188,8,2
15000US39007,93,26
15000US27099,33,10
15000US39003,91,33
15000US39001,21,6
15000US27093,21,6
15000US27091,20,6
15000US27097,29,8
15000US27095,17,7
15000US38023,1,1
15000US06027,15,6
15000US38021,6,3
15000US06025,95,30
15000US38027,2,1
15000US06023,107,31
15000US38025,2,1
15000US06021,22,6
15000US47021,20,9
15000US38029,3,1
15000US02050,11,3
15000US06029,455,151
15000US21047,50,19
15000US47023,8,3
15000US72019,15,6
15000US17041,18,5
15000US41051,520,171
15000US18055,32,9
15000US18057,104,39
15000US18051,28,7
15000US47035,31,13
15000US18053,53,16
15000US17083,17,6
15000US17081,36,11
15000US17087,11,4
15000US17085,25,6
15000US18033,34,9
15000US49015,8,3
15000US55141,71,17
15000US19107,12,4
15000US72009,14,6
15000US49011,154,54
15000US72007,15,6
15000US72005,44,17
15000US72003,28,10
15000US38065,1,1
15000US72001,11,6
15000US49019,6,2
15000US26165,23,8
15000US45071,30,8
15000US45073,51,15
15000US26161,250,99
15000US45075,73,20
15000US26163,1821,611
15000US45077,71,28
15000US38063,3,1
15000US39175,21,6
15000US39173,89,28
15000US39171,35,9
15000US12101,307,134
15000US55099,16,6
15000US12103,720,246
15000US12105,330,154
15000US12107,60,17
15000US55093,25,8
15000US12109,81,41
15000US55091,5,2
15000US55097,51,14
15000US55095,31,10
15000US56045,4,2
15000US56041,15,3
15000US56043,7,3
15000US13187,11,4
15000US13185,68,25
15000US22049,13,5
15000US13183,6,3
15000US48429,9,3
15000US13181,6,2
15000US22043,14,5
15000US22041,17,6
15000US22047,21,7
15000US13189,17,5
15000US22045,53,16
15000US13217,33,13
15000US13215,124,53
15000US01089,190,72
15000US48145,12,6
15000US13211,8,4
15000US01085,11,4
15000US01087,19,11
15000US01081,76,27
15000US01083,42,16
15000US30017,13,6
15000US30015,5,2
15000US34009,90,33
15000US30013,71,22
15000US30011,1,1
15000US34005,278,114
15000US34007,381,127
15000US34001,183,70
15000US34003,790,179
15000US30019,1,1
15000US48161,12,7
15000US05097,7,3
15000US48163,11,3
15000US05095,8,3
15000US48165,12,3
15000US05093,42,12
15000US48167,193,67
15000US05091,37,12
15000US48169,4,1
15000US05099,7,3
15000US45049,15,5
15000US08009,3,2
15000US08003,14,4
15000US08001,259,97
15000US08007,9,4
15000US08005,407,146
15000US41009,35,10
15000US41001,16,6
15000US72054,6,2
15000US41003,60,18
15000US41005,216,80
15000US41007,37,12
15000US15005,1,1
15000US15007,55,17
15000US15001,122,50
15000US15003,590,244
15000US72057,32,10
15000US15009,102,38
15000US19013,100,38
15000US19011,20,7
15000US19017,19,8
15000US19015,18,7
15000US72059,15,6
15000US19019,18,6
15000US37171,58,22
15000US37173,11,5
15000US21069,10,4
15000US37175,24,7
15000US37177,4,1
15000US21065,11,4
15000US37179,102,41
15000US21067,207,82
15000US21061,10,4
15000US21063,7,2
15000US19193,107,26
15000US31161,5,2
15000US31163,2,1
15000US31165,1,1
15000US31167,5,2
15000US31169,4,2
15000US51023,23,8
15000US51025,14,5
15000US25007,20,5
15000US25005,389,126
15000US51021,5,2
15000US25003,142,39
15000US25001,195,57
15000US48341,14,4
15000US48343,13,3
15000US48345,1,1
15000US25009,545,163
15000US51027,23,7
15000US05079,8,4
15000US48189,29,9
15000US48187,73,29
15000US05075,17,6
15000US48185,17,6
15000US05077,10,4
15000US48183,94,25
15000US05071,17,6
15000US48181,91,26
15000US05073,7,2
15000US29065,11,4
15000US29067,10,3
15000US29061,7,2
15000US28095,27,9
15000US29063,9,2
15000US42131,21,7
15000US42133,321,90
15000US29069,32,10
15000US46127,8,3
15000US46125,7,2
15000US46123,4,2
15000US46121,6,2
15000US28099,23,7
15000US46129,5,2
15000US51735,10,4
15000US48235,1,1
15000US48237,5,2
15000US48231,60,19
15000US51730,27,11
15000US48233,21,7
15000US48239,10,3
15000US27159,16,3
15000US02261,10,3
15000US16059,7,3
15000US27153,24,8
15000US16057,30,7
15000US27151,11,4
15000US16055,65,25
15000US27157,18,6
15000US16053,14,5
15000US27155,4,2
15000US16051,13,4
15000US42045,436,144
15000US42047,26,8
15000US42041,150,49
15000US42043,189,65
15000US48413,2,1
15000US42049,232,72
15000US51057,8,3
15000US31185,10,4
15000US31183,0,0
15000US31181,3,2
15000US28009,6,2
15000US28001,30,9
15000US28003,26,7
15000US28005,13,3
15000US28007,16,6
15000US72143,22,8
15000US72141,22,8
15000US72147,6,3
15000US72145,37,14
15000US72149,16,6
15000US27085,27,7
15000US27087,4,2
15000US27081,4,2
15000US27083,23,7
15000US38019,4,2
15000US39019,24,7
15000US38017,95,33
15000US38015,54,19
15000US27089,11,4
15000US38013,1,1
15000US38011,3,2
15000US06031,80,27
15000US06033,47,15
15000US06035,24,9
15000US06037,6424,2346
15000US06039,79,23
15000US02068,1,1
15000US19093,6,3
15000US47003,24,9
15000US18047,15,5
15000US18045,18,5
15000US18043,58,20
15000US18041,25,7
15000US17099,104,28
15000US18049,21,6
15000US49001,5,2
15000US55131,82,28
15000US49003,39,11
15000US55133,298,86
15000US49005,76,26
15000US55135,40,12
15000US49007,13,5
15000US55137,20,7
15000US49009,0,0
15000US55139,130,41
15000US72031,124,42
15000US72037,10,5
15000US72035,30,11
15000US39169,82,32
15000US26111,64,19
15000US45061,16,7
15000US26113,12,4
15000US45067,30,8
15000US26115,122,39
15000US45065,7,2
15000US26117,47,13
15000US39161,27,9
15000US26119,10,5
15000US39163,11,3
15000US39165,107,33
15000US37051,194,68
15000US39167,46,16
15000US12113,77,26
15000US12111,140,44
15000US12117,234,86
15000US12115,251,95
15000US37057,107,34
15000US12119,40,19
15000US48415,13,4
15000US37055,31,11
15000US56031,8,2
15000US56033,20,6
15000US48417,3,1
15000US56037,33,12
15000US55049,19,6
15000US08121,4,2
15000US48411,4,2
15000US08123,174,77
15000US36007,203,55
15000US08125,8,2
15000US37059,24,7
15000US49057,144,50
15000US22055,129,43
15000US22057,68,24
15000US22051,330,127
15000US26029,25,14
15000US22053,25,7
15000US48437,7,3
15000US26025,116,39
15000US48435,3,1
15000US26027,45,11
15000US22059,13,3
15000US26021,143,49
15000US48431,0,0
15000US26023,41,12
15000US13223,45,19
15000US13221,8,4
15000US13227,16,6
15000US26003,7,4
15000US13229,11,4
15000US30001,7,3
15000US30003,10,5
15000US26001,11,6
15000US30005,7,4
15000US30007,3,2
15000US30009,10,5
15000US26007,33,10
15000US05081,12,4
15000US05083,16,6
15000US05085,37,16
15000US05087,12,4
15000US36005,1153,339
15000US05089,13,4
15000US13247,45,15
15000US08015,14,5
15000US08014,45,18
15000US08017,2,1
15000US08011,4,1
15000US08013,199,68
15000US08019,5,3
15000US36023,46,12
15000US39139,94,30
15000US51113,6,2
15000US51111,8,3
15000US51117,27,9
15000US51115,7,3
15000US21125,36,13
15000US21127,13,5
15000US21121,26,8
15000US21123,11,3
15000US19027,22,6
15000US19025,10,4
15000US19023,13,5
15000US19021,14,6
15000US36003,43,12
15000US39015,31,9
15000US39017,266,80
15000US37163,44,11
15000US21019,36,12
15000US37161,51,13
15000US37167,45,13
15000US37165,26,7
15000US21011,8,3
15000US37169,30,9
15000US21013,25,9
15000US21015,57,22
15000US21017,17,6
15000US36001,234,75
15000US21231,16,5
15000US21233,12,4
15000US21235,28,8
15000US21237,6,2
15000US21239,15,8
15000US53045,48,13
15000US53043,10,4
15000US53041,61,20
15000US05069,70,23
15000US05067,16,5
15000US05065,9,4
15000US05063,27,8
15000US05061,11,3
15000US29011,11,3
15000US42129,237,99
15000US29013,13,4
15000US02060,1,1
15000US29017,10,3
15000US42123,43,13
15000US29019,86,29
15000US42121,50,16
15000US42127,44,14
15000US42125,162,59
15000US46111,2,1
15000US46117,1,1
15000US46115,6,3
15000US46119,1,1
15000US53069,4,1
15000US48281,14,5
15000US48033,0,0
15000US48409,44,16
15000US48241,26,8
15000US48243,1,1
15000US48245,206,73
15000US48247,3,2
15000US48249,30,7
15000US16049,14,5
15000US27167,7,2
15000US02275,3,1
15000US27165,11,3
15000US27163,136,50
15000US27161,14,5
15000US16041,9,2
15000US29125,6,3
15000US16043,12,3
15000US29127,28,8
15000US16045,11,3
15000US29121,16,5
15000US16047,12,2
15000US27169,37,10
15000US42057,10,3
15000US51683,24,7
15000US42055,88,27
15000US42053,7,3
15000US42051,97,36
15000US51685,7,2
15000US42059,36,9
15000US28019,8,3
15000US28013,13,5
15000US28011,27,8
15000US28017,14,4
15000US28015,8,2
15000US72151,23,9
15000US72153,27,11
15000US54091,20,4
15000US54093,7,3
15000US54095,9,3
15000US54097,18,6
15000US54099,35,10
15000US48037,73,18
15000US38009,6,3
15000US38001,2,1
15000US38003,12,4
15000US38005,7,4
15000US38007,0,0
15000US48047,6,2
15000US02070,5,2
15000US48035,14,7
15000US02090,61,19
15000US48403,9,3
15000US29049,16,4
15000US28065,11,3
15000US29047,151,44
15000US29510,359,106
15000US18073,24,7
15000US18071,34,10
15000US18077,23,7
15000US18075,22,7
15000US18079,16,6
15000US55123,25,7
15000US22115,43,12
15000US55121,21,8
15000US22117,29,11
15000US55127,85,22
15000US22111,18,6
15000US55125,15,5
15000US22113,43,13
15000US45057,45,14
15000US55129,14,5
15000US45055,42,15
15000US72029,30,12
15000US22119,38,11
15000US45051,148,72
15000US26103,60,25
15000US26101,27,10
15000US26107,32,11
15000US26105,26,9
15000US12129,14,5
15000US12127,288,114
15000US26109,20,8
15000US12125,8,3
15000US12123,19,5
15000US12121,25,7
15000US17155,7,2
15000US17157,32,9
15000US17151,3,2
15000US17153,7,2
15000US51800,74,28
15000US17159,13,5
15000US56029,20,5
15000US47009,77,28
15000US56023,12,4
15000US56021,68,21
15000US35049,101,50
15000US56027,2,1
15000US56025,47,18
15000US55059,127,36
15000US55057,23,7
15000US55055,57,20
15000US55053,15,5
15000US55051,7,4
15000US22021,8,3
15000US22023,8,3
15000US13239,1,1
15000US22025,7,3
15000US26039,12,5
15000US22027,15,5
15000US13235,8,3
15000US22029,17,5
15000US13237,16,5
15000US48401,40,13
15000US13231,7,4
15000US48407,14,4
15000US13233,31,7
15000US48405,7,3
15000US72027,19,8
15000US33001,48,15
15000US33003,39,11
15000US33005,58,16
15000US33007,35,11
15000US33009,69,19
15000US47109,18,7
15000US08061,1,1
15000US08063,7,3
15000US08065,7,2
15000US08067,32,10
15000US08069,191,73
15000US51105,23,6
15000US51107,162,65
15000US51101,9,4
15000US51103,12,4
15000US48129,3,2
15000US51109,16,6
15000US30057,6,3
15000US19039,7,3
15000US17095,57,16
15000US21135,10,4
15000US21133,26,7
15000US21131,11,3
15000US19031,19,5
15000US30101,7,3
15000US19033,41,11
15000US30103,0,0
15000US19035,13,4
15000US17097,401,154
15000US19037,13,4
15000US30107,1,1
15000US17091,83,29
15000US48127,6,2
15000US36017,50,12
15000US17093,38,10
15000US37159,93,30
15000US37157,68,21
15000US37155,87,31
15000US37153,40,11
15000US37151,85,28
15000US21009,33,10
15000US21003,14,6
15000US21001,14,7
15000US21007,7,3
15000US21005,12,5
15000US55035,68,20
15000US21223,5,2
15000US21221,10,5
15000US21227,73,24
15000US21225,12,4
15000US47189,60,21
15000US25025,645,204
15000US47187,80,37
15000US21229,8,3
15000US47185,16,6
15000US25021,473,130
15000US47183,24,10
15000US25023,359,101
15000US36011,75,20
15000US51053,19,7
15000US05059,23,7
15000US05053,12,4
15000US05051,69,20
15000US05057,19,5
15000US05055,25,9
15000US29003,13,4
15000US42117,34,10
15000US29001,24,7
15000US42115,39,11
15000US29007,23,7
15000US42113,5,2
15000US29005,6,2
15000US42111,71,21
15000US46105,2,1
15000US29009,28,7
15000US46101,5,2
15000US46103,66,23
15000US42119,28,10
15000US36025,54,14
15000US54057,19,7
15000US72033,28,18
15000US36013,121,36
15000US36027,247,79
15000US54051,32,9
15000US36021,60,21
15000US48253,15,6
15000US20197,7,2
15000US48251,96,28
15000US20195,4,1
15000US48257,58,18
15000US20193,6,2
15000US48255,11,4
15000US20191,25,6
15000US48259,20,6
15000US21187,8,3
15000US20199,1,1
15000US27171,64,17
15000US45063,161,74
15000US02240,5,2
15000US29139,13,4
15000US29137,10,3
15000US27131,42,13
15000US29135,11,4
15000US29133,12,4
15000US48501,5,1
15000US29131,20,5
15000US42063,69,23
15000US42061,39,12
15000US20179,3,2
15000US42065,43,13
15000US20175,16,5
15000US20177,134,43
15000US20171,5,1
15000US20173,368,124
15000US51007,8,2
15000US48505,8,3
15000US28027,23,7
15000US28025,16,5
15000US28023,15,4
15000US28021,8,3
15000US40027,172,61
15000US45069,23,7
15000US28029,23,6
15000US72129,20,9
15000US72121,16,6
15000US72123,22,8
15000US72125,22,7
15000US72127,368,131
15000US54083,26,7
15000US54081,56,17
15000US54087,15,4
15000US54085,9,3
15000US51650,97,34
15000US54089,11,4
15000US22087,49,18
15000US51740,79,31
15000US17001,60,18
15000US32033,8,3
15000US12051,24,7
15000US48025,23,7
15000US38101,49,13
15000US38103,4,2
15000US38105,17,7
15000US19059,14,5
15000US55119,16,6
15000US55117,67,27
15000US55115,29,11
15000US55113,17,6
15000US55111,37,13
15000US22107,5,3
15000US72051,19,8
15000US22105,65,20
15000US72053,27,10
15000US22103,125,43
15000US72055,16,8
15000US22101,45,17
15000US26139,154,54
15000US45041,106,32
15000US26137,17,6
15000US45043,45,15
15000US26135,10,5
15000US45045,254,111
15000US26133,24,6
15000US22109,77,22
15000US26131,8,4
15000US48027,189,65
15000US12131,44,12
15000US19053,7,3
15000US12133,14,6
15000US51595,6,2
15000US51590,38,16
15000US17147,16,4
15000US17145,21,6
15000US17143,140,47
15000US17141,43,11
15000US53073,101,34
15000US17149,19,5
15000US56017,3,2
15000US56015,11,4
15000US56013,30,10
15000US56011,4,2
15000US56019,4,1
15000US55069,25,10
15000US22081,7,2
15000US55063,85,25
15000US55061,17,5
15000US55067,20,6
15000US55065,15,5
15000US22033,302,91
15000US13249,2,2
15000US22031,21,7
15000US26009,22,8
15000US22037,15,5
15000US22035,7,3
15000US13241,12,5
15000US22039,29,8
15000US13243,6,2
15000US48419,19,6
15000US13245,139,47
15000US26005,75,25
15000US18069,32,9
15000US13089,389,144
15000US18065,43,13
15000US13087,20,7
15000US18067,65,20
15000US13085,9,3
15000US18061,22,6
15000US13083,7,4
15000US18063,64,21
15000US13081,19,6
15000US48399,11,4
15000US33013,100,36
15000US33011,269,86
15000US33017,76,25
15000US01039,37,14
15000US33015,181,66
15000US55045,31,8
15000US01035,11,5
15000US33019,37,10
15000US01037,10,3
15000US01031,32,14
15000US01033,45,14
15000US08073,4,2
15000US37035,94,31
15000US08071,16,6
15000US55047,19,6
15000US08077,87,29
15000US08075,15,5
15000US08079,0,0
15000US37037,34,13
15000US55041,9,4
15000US51171,25,9
15000US51173,27,9
15000US51175,9,5
15000US51177,70,30
15000US37031,71,38
15000US55043,45,12
15000US21103,13,5
15000US21101,31,10
15000US21107,40,12
15000US21105,5,1
15000US30111,111,32
15000US21109,9,3
15000US46037,5,3
15000US48087,3,1
15000US48085,472,152
15000US48083,10,3
15000US48081,3,2
15000US48089,17,5
15000US37149,11,7
15000US48439,1176,357
15000US37181,32,10
15000US37141,31,16
15000US37039,20,7
15000US37143,11,3
15000US37145,25,7
15000US37147,95,32
15000US21037,70,25
15000US21035,30,9
15000US21033,11,3
15000US21031,8,5
15000US51005,14,6
15000US37133,95,32
15000US51001,32,12
15000US21039,4,2
15000US21219,8,4
15000US21217,20,5
15000US21215,8,4
15000US21213,13,4
15000US21211,27,9
15000US46075,0,0
15000US48393,0,0
15000US48391,7,2
15000US48397,29,11
15000US48395,13,5
15000US04021,198,75
15000US04023,32,10
15000US04025,113,42
15000US04027,141,55
15000US05045,59,25
15000US46079,8,3
15000US05047,12,3
15000US05041,13,5
15000US05043,17,5
15000US11001,449,179
15000US05049,11,2
15000US42101,1335,384
15000US31087,3,1
15000US42103,42,18
15000US31085,0,0
15000US42105,15,5
15000US31083,2,1
15000US42107,134,40
15000US31081,8,3
15000US42109,29,8
15000US13225,11,5
15000US31089,11,4
15000US53055,13,5
15000US39115,14,4
15000US47071,18,6
15000US56039,13,4
15000US39117,22,6
15000US53027,61,17
15000US48269,0,0
15000US48267,4,2
15000US48265,32,10
15000US48263,0,0
15000US39111,15,4
15000US20181,7,2
15000US20183,4,2
15000US20185,3,2
15000US48069,6,3
15000US20187,1,1
15000US20189,4,1
15000US48065,5,2
15000US39113,419,153
15000US48061,224,87
15000US48063,8,3
15000US29109,30,7
15000US42079,282,104
15000US42075,84,31
15000US29103,4,2
15000US42077,245,76
15000US29101,34,9
15000US42071,325,98
15000US29107,29,7
15000US42073,76,28
15000US29105,27,6
15000US46005,16,6
15000US46007,3,2
15000US20169,44,12
15000US46003,3,1
15000US20167,8,2
15000US20165,3,2
15000US20163,4,2
15000US46009,4,2
15000US20161,47,14
15000US53021,48,13
15000US38031,2,1
15000US28031,12,4
15000US28033,65,33
15000US38033,1,1
15000US28035,52,17
15000US28037,7,2
15000US29039,13,3
15000US28039,12,5
15000US29037,56,20
15000US29035,5,2
15000US29033,10,3
15000US29031,55,16
15000US72139,41,15
15000US72133,15,6
15000US72131,24,9
15000US38037,1,1
15000US72137,59,26
15000US72135,33,13
15000US53059,9,4
15000US31069,1,1
15000US31065,5,1
15000US51770,75,23
15000US31067,21,7
15000US31061,3,2
15000US31063,2,1
15000US53037,24,8
15000US53035,163,55
15000US17183,65,24
15000US53033,1421,398
15000US17181,15,5
15000US06081,462,158
15000US06083,312,90
15000US06085,1074,372
15000US06087,195,53
15000US17187,21,5
15000US48261,1,1
15000US22097,65,19
15000US55109,45,14
15000US55101,166,44
15000US55103,15,5
15000US55105,117,37
15000US55107,14,5
15000US26129,20,7
15000US72041,23,10
15000US72047,19,6
15000US72045,12,5
15000US26121,137,43
15000US26123,32,11
15000US26125,933,338
15000US26127,22,8
15000US48067,27,7
15000US51580,6,2
15000US17173,24,6
15000US17171,4,2
15000US17177,48,13
15000US17175,7,2
15000US17179,85,30
15000US72097,69,27
15000US56001,27,10
15000US18125,12,4
15000US56003,8,3
15000US18127,85,33
15000US56005,24,7
15000US18121,18,4
15000US56007,14,5
15000US18123,16,5
15000US56009,10,4
15000US18129,23,7
15000US55075,41,13
15000US55077,13,5
15000US55071,74,20
15000US55073,102,27
15000US22009,31,9
15000US22007,16,6
15000US22005,41,14
15000US55079,858,298
15000US22003,17,5
15000US22001,46,12
15000US26015,43,11
15000US48461,2,1
15000US26017,92,26
15000US48463,17,5
15000US26011,18,7
15000US48465,33,10
15000US26013,7,3
15000US48467,36,10
15000US13253,8,3
15000US48469,64,23
15000US13251,13,5
15000US26019,13,6
15000US51051,15,4
15000US13255,34,12
15000US13099,12,5
15000US18019,73,26
15000US51119,11,5
15000US13091,16,6
15000US18011,36,10
15000US13093,8,3
15000US18013,11,4
15000US13095,68,27
15000US18015,18,7
15000US13097,54,20
15000US18017,38,11
15000US34041,78,23
15000US17051,22,7
15000US56035,3,2
15000US01029,10,4
15000US08049,8,3
15000US01027,12,4
15000US08047,3,1
15000US01025,23,9
15000US08045,35,11
15000US01023,14,4
15000US08043,35,14
15000US01021,29,9
15000US08041,364,130
15000US51163,17,4
15000US17059,6,2
15000US51161,53,18
15000US51167,27,7
15000US48421,1,1
15000US51165,46,19
15000US51169,19,6
15000US40089,31,8
15000US40087,19,6
15000US40085,6,3
15000US40083,31,8
15000US40081,23,7
15000US48091,63,24
15000US48093,13,4
15000US48095,2,1
15000US48097,29,8
15000US48099,47,19
15000US19029,14,5
15000US21021,21,7
15000US21023,7,3
15000US21025,12,6
15000US21027,15,6
15000US21029,46,18
15000US51015,51,13
15000US51013,180,59
15000US51011,11,3
15000US21209,35,14
15000US21201,1,1
15000US21203,12,4
15000US21205,15,4
15000US21207,15,5
15000US21129,6,3
15000US47165,93,42
15000US44001,37,11
15000US47167,34,13
15000US48389,10,4
15000US47161,10,5
15000US47163,110,39
15000US48385,2,1
15000US48387,14,4
15000US48381,95,29
15000US47169,4,2
15000US48383,3,1
15000US19145,18,6
15000US39085,154,58
15000US19147,10,4
15000US05031,59,17
15000US05033,33,11
15000US21119,13,5
15000US05035,41,20
15000US05037,16,5
15000US21115,17,6
15000US05039,8,3
15000US21117,111,41
15000US21111,574,191
15000US21113,29,9
15000US31091,0,0
15000US31093,5,2
15000US31095,5,3
15000US19143,7,2
15000US31097,3,2
15000US18103,35,10
15000US31099,4,2
15000US44007,498,141
15000US51179,61,27
15000US48279,11,5
15000US48271,2,1
15000US48273,22,6
15000US48275,3,2
15000US48277,37,12
15000US27141,39,11
15000US05149,16,6
15000US48079,2,1
15000US48077,10,3
15000US05145,45,13
15000US48075,6,2
15000US05147,7,2
15000US48073,34,12
15000US05141,12,5
15000US48071,19,7
15000US05143,110,32
15000US29115,15,5
15000US42009,41,11
15000US29117,10,4
15000US29111,10,4
15000US29113,25,7
15000US42001,55,22
15000US42003,1099,402
15000US29119,16,4
15000US42005,65,19
15000US42007,133,51
15000US46017,1,1
15000US46015,5,2
15000US20159,10,3
15000US46013,30,8
15000US47019,37,17
15000US46011,20,6
15000US20153,2,1
15000US20151,8,3
15000US20157,6,3
15000US46019,7,2
15000US20155,58,17
15000US29029,29,11
15000US20089,3,2
15000US51775,19,5
15000US29021,71,25
15000US20081,3,1
15000US29023,35,10
15000US20083,0,0
15000US29025,9,2
15000US20085,10,3
15000US29027,33,8
15000US20087,14,4
15000US72107,17,7
15000US72105,14,5
15000US02130,12,4
15000US72103,15,5
15000US72101,14,6
15000US72109,13,5
15000US51760,160,66
15000US31079,46,14
15000US31077,1,1
15000US31075,0,0
15000US31073,1,1
15000US19099,34,9
15000US31071,1,1
15000US02220,10,2
15000US26073,42,15
15000US26071,9,5
15000US06093,36,13
15000US09013,97,29
15000US06091,4,1
15000US09011,187,66
15000US06097,386,100
15000US06095,284,96
15000US09015,87,25
15000US26077,188,57
15000US06099,307,94
15000US51195,27,11
15000US26075,130,38
15000US46025,5,1
15000US51033,17,7
15000US72079,17,6
15000US22125,6,3
15000US72077,21,6
15000US22127,15,4
15000US72075,33,13
15000US22121,13,5
15000US72073,8,3
15000US22123,10,3
15000US72071,26,10
15000US40139,19,5
15000US17169,7,3
15000US18037,29,7
15000US17165,28,9
15000US17167,179,53
15000US17161,115,40
15000US17163,198,60
15000US18035,100,30
15000US12079,15,5
15000US18137,21,6
15000US18135,29,8
15000US40131,47,28
15000US18133,26,7
15000US18131,12,4
15000US47149,122,48
15000US17023,19,4
15000US18139,16,5
15000US22019,137,44
15000US55001,17,7
15000US51670,16,6
15000US55005,39,10
15000US55007,13,6
15000US22011,22,7
15000US55009,171,54
15000US22013,15,5
15000US22015,72,22
15000US22017,195,64
15000US48473,18,5
15000US13267,15,5
15000US48471,37,10
15000US13265,2,1
15000US48477,23,6
15000US13263,5,3
15000US48475,9,3
15000US13261,25,7
15000US26069,26,10
15000US48479,140,61
15000US36019,76,19
15000US13269,6,2
15000US13065,6,2
15000US18009,11,4
15000US13067,349,120
15000US13061,2,1
15000US13063,125,50
15000US18003,268,96
15000US18001,29,7
15000US12073,176,68
15000US18007,10,3
15000US13069,26,9
15000US18005,58,15
15000US13289,7,2
15000US13285,40,14
15000US13287,8,2
15000US13281,7,3
15000US13283,6,2
15000US08059,409,138
15000US01019,18,6
15000US48173,1,1
15000US53047,43,10
15000US08051,19,4
15000US01013,18,9
15000US08053,0,0
15000US01011,6,2
15000US08055,6,2
15000US01017,32,9
15000US08057,1,1
15000US01015,90,31
15000US51159,5,2
15000US51157,4,2
15000US51155,31,10
15000US51153,229,83
15000US36121,43,11
15000US36123,20,5
15000US10003,367,131
15000US10001,71,33
15000US06107,269,78
15000US10005,133,54
15000US40091,19,6
15000US40093,6,3
15000US40095,10,4
15000US40097,31,9
15000US48171,15,5
15000US54003,64,14
15000US19197,12,5
15000US19195,9,3
15000US13119,15,5
15000US19191,19,5
15000US13115,55,20
15000US13117,107,45
15000US13111,17,5
15000US13113,48,20
15000US32510,42,14
15000US47177,26,9
15000US47175,3,2
15000US47173,13,4
15000US19179,36,11
15000US47171,13,4
15000US19175,14,4
15000US19177,8,2
15000US19171,19,6
15000US47179,77,23
15000US19173,8,3
15000US04007,44,16
15000US04005,97,28
15000US04003,101,32
15000US04001,54,16
15000US48031,6,2
15000US04009,28,9
15000US05023,21,7
15000US21169,9,3
15000US05021,18,6
15000US05027,10,5
15000US05025,7,2
15000US21161,15,5
15000US05029,13,6
15000US21163,19,7
15000US21165,4,2
15000US21167,16,5
15000US37019,89,32
15000US37017,30,6
15000US42067,18,5
15000US37015,19,4
15000US48285,17,6
15000US48287,12,4
15000US08105,9,3
15000US48283,4,1
15000US37013,34,11
15000US48289,12,3
15000US48049,31,12
15000US37011,15,5
15000US48043,8,3
15000US48041,117,42
15000US22075,23,9
15000US48045,0,0
15000US29161,36,10
15000US42019,119,44
15000US29163,16,5
15000US29165,62,20
15000US29167,21,4
15000US42013,112,34
15000US29169,28,9
15000US42011,264,90
15000US42017,380,143
15000US42015,58,14
15000US20145,6,2
15000US46023,7,3
15000US20147,6,3
15000US46021,1,1
15000US20141,3,1
15000US46027,11,3
15000US20143,5,2
15000US06089,130,48
15000US47007,7,3
15000US47005,12,5
15000US46029,20,7
15000US20149,14,4
15000US39013,67,20
15000US47001,52,18
15000US29015,15,6
15000US28155,7,3
15000US20099,21,8
15000US20093,2,1
15000US20091,373,130
15000US20097,3,1
15000US20095,8,3
15000US72111,14,7
15000US54055,48,16
15000US72113,133,46
15000US28159,18,5
15000US72115,13,5
15000US02122,39,12
15000US72117,10,4
15000US54053,21,6
15000US72119,33,12
15000US54059,24,7
15000US51830,8,3
15000US27035,48,16
15000US27037,231,95
15000US27031,5,3
15000US27033,12,4
15000US27039,14,5
15000US39127,27,6
15000US51710,188,81
15000US31049,1,1
15000US31043,12,4
15000US31041,12,4
15000US31047,22,7
15000US31045,7,2
15000US16085,6,3
15000US16087,9,3
15000US02230,0,0
15000US16081,3,1
15000US16083,52,14
15000US09009,627,190
15000US51029,10,4
15000US09005,142,51
15000US09007,118,37
15000US09001,653,211
15000US09003,666,223
15000US12097,75,40
15000US12095,374,207
15000US12093,27,12
15000US12091,116,43
15000US48149,24,7
15000US12099,885,338
15000US51620,5,2
15000US37053,14,8
15000US38059,19,5
15000US72069,36,13
15000US72061,65,23
15000US72063,21,8
15000US72065,23,7
15000US72067,10,4
15000US45091,108,46
15000US24023,21,7
15000US17119,194,61
15000US38051,2,1
15000US48177,15,6
15000US17111,163,52
15000US17113,107,41
15000US17115,98,34
15000US17117,51,13
15000US48175,5,2
15000US39089,111,32
15000US39087,56,16
15000US38055,9,2
15000US39083,45,12
15000US39081,66,23
15000US17031,3992,1319
15000US18101,9,3
15000US18107,33,9
15000US18105,94,31
15000US18109,44,13
15000US55013,12,6
15000US55011,12,5
15000US55017,45,11
15000US55015,32,11
15000US48449,21,8
15000US48447,1,1
15000US55019,28,8
15000US48445,12,3
15000US48443,0,0
15000US48441,115,38
15000US13271,9,3
15000US13273,9,4
15000US13275,35,11
15000US13277,30,9
15000US13279,23,6
15000US26079,15,5
15000US36009,79,21
15000US13077,56,20
15000US17025,9,4
15000US13075,14,4
15000US17027,30,8
15000US13073,54,20
15000US17021,36,10
15000US13071,29,10
15000US18031,20,6
15000US12075,28,10
15000US12077,5,2
15000US12071,513,167
15000US13079,7,3
15000US18039,124,36
15000US13299,32,8
15000US13297,37,15
15000US13295,45,13
15000US13293,20,7
15000US13291,13,5
15000US01005,22,9
15000US01007,14,4
15000US01001,31,12
15000US01003,93,32
15000US01009,34,9
15000US51149,20,7
15000US72043,22,9
15000US36077,55,17
15000US51141,16,4
15000US51143,43,16
15000US51145,13,5
15000US51147,13,5
15000US36075,81,30
15000US36073,30,11
15000US40065,22,8
15000US40067,5,3
15000US40061,10,4
15000US40063,13,5
15000US36071,275,79
15000US40069,8,3
15000US72049,2,2
15000US29129,3,2
15000US37193,52,14
15000US37191,74,26
15000US37197,27,7
15000US37195,54,19
15000US37199,12,5
15000US51037,9,3
15000US19181,28,11
15000US19183,18,5
15000US51036,5,3
15000US19185,5,3
15000US13109,9,3
15000US19189,13,3
15000US51031,36,12
15000US13105,19,5
15000US13103,21,10
15000US13101,2,1
15000US19187,37,12
15000US13107,17,6
15000US47141,40,15
15000US47147,33,14
15000US19169,62,20
15000US30099,6,3
15000US19167,25,7
15000US30097,4,1
15000US19165,14,4
15000US29123,11,3
15000US19163,123,47
15000US30093,36,8
15000US19161,15,4
15000US30091,4,2
15000US04011,7,3
15000US04013,2504,916
15000US04012,21,9
15000US04015,117,42
15000US04017,77,31
15000US05019,18,5
15000US04019,629,241
15000US05017,11,4
15000US05015,17,5
15000US05013,4,2
15000US05011,11,5
15000US21179,22,9
15000US38095,2,1
15000US21173,17,6
15000US21171,9,4
15000US51133,12,4
15000US21177,28,8
15000US47181,12,4
15000US21175,10,5
15000US40119,53,17
15000US40115,28,9
15000US38091,1,1
15000US40111,34,10
15000US40113,34,11
15000US51720,3,1
15000US48297,9,4
15000US48295,1,1
15000US48293,17,8
15000US48291,50,14
15000US48299,17,6
15000US48055,24,8
15000US29229,18,4
15000US48051,13,4
15000US48053,26,8
15000US29223,14,4
15000US29221,18,5
15000US38099,12,6
15000US29227,2,1
15000US29225,22,8
15000US29173,8,3
15000US42027,98,31
15000US29171,5,2
15000US42025,50,12
15000US29177,16,4
15000US42023,5,2
15000US29175,20,6
15000US42021,134,42
15000US46035,17,4
15000US29179,5,2
15000US46031,3,2
15000US46033,5,2
15000US42029,264,116
15000US20131,8,3
15000US20133,17,5
15000US20135,3,2
15000US20137,4,1
15000US20139,14,5
15000US47031,33,12
15000US47037,472,161
15000US35028,16,4
15000US54045,30,9
15000US51003,65,22
15000US47143,18,6
15000US54047,26,8
15000US02110,22,6
15000US54043,20,5
15000US54041,14,5
15000US23031,139,41
15000US47145,40,11
15000US54049,58,18
15000US27027,43,13
15000US28081,55,19
15000US27025,29,10
15000US28083,28,8
15000US27023,11,3
15000US20049,4,1
15000US27021,27,10
15000US28087,43,14
15000US20045,64,22
15000US20047,3,2
15000US20041,18,6
15000US27029,9,3
15000US20043,9,3
15000US31055,496,156
15000US31057,2,1
15000US30095,6,3
15000US31051,6,2
15000US35029,16,6
15000US31053,31,9
15000US35025,59,18
15000US35027,13,5
15000US31059,4,2
15000US35021,0,0
15000US35023,2,1
15000US12081,207,79
15000US12083,174,63
15000US12085,93,36
15000US12087,75,31
15000US12086,1593,519
15000US12089,39,13
15000US51690,14,5
15000US37069,29,12
15000US51630,15,6
15000US37067,242,92
15000US49049,344,128
15000US72095,10,4
15000US37065,46,14
15000US45089,31,11
15000US48021,38,10
15000US72093,4,2
15000US45085,67,23
15000US45087,26,9
15000US45081,14,5
15000US72099,18,7
15000US45083,194,69
15000US37063,152,60
15000US37061,33,11
15000US19141,15,4
15000US49047,18,6
15000US17109,33,10
15000US17103,37,9
15000US17101,17,5
15000US17107,28,8
15000US17105,34,10
15000US55078,2,1
15000US39099,215,70
15000US32019,26,10
15000US39091,38,11
15000US32011,1,1
15000US39093,201,74
15000US32013,13,4
15000US39095,397,128
15000US32015,4,1
15000US39097,27,12
15000US32017,3,2
15000US55029,26,10
15000US55027,66,20
15000US55025,309,107
15000US13259,4,2
15000US51019,47,17
15000US48459,26,7
15000US26049,372,131
15000US48451,96,25
15000US26047,26,9
15000US48453,579,218
15000US26045,79,28
15000US48455,13,5
15000US26043,18,7
15000US48457,15,5
15000US26041,29,13
15000US36033,41,14
15000US36031,37,13
15000US36037,56,14
15000US36035,55,15
15000US36039,42,15
15000US17037,59,21
15000US13043,7,3
15000US17035,10,3
15000US17033,19,6
15000US13047,33,11
15000US18027,28,7
15000US13045,52,17
15000US12067,5,2
15000US12065,10,4
15000US13049,5,2
15000US12063,38,11
15000US17039,14,5
15000US13257,17,5
15000US51017,4,1
15000US01071,43,11
15000US01073,517,163
15000US01075,15,3
15000US01077,72,22
15000US01079,30,9
15000US39125,16,5
15000US36109,63,22
15000US36107,44,10
15000US36105,77,24
15000US36103,998,323
15000US36101,91,29
15000US18119,15,5
15000US18115,5,2
15000US39121,11,3
15000US18117,18,6
15000US18111,12,4
15000US18113,34,10
15000US40077,7,3
15000US40075,8,3
15000US40117,15,5
15000US40073,10,4
15000US39123,42,12
15000US40071,37,11
15000US38035,53,18
15000US40079,38,12
15000US37189,30,13
15000US01109,22,8
15000US37185,14,6
15000US01105,11,3
15000US37187,14,3
15000US01107,18,5
15000US28069,8,2
15000US01101,198,64
15000US37183,454,186
15000US01103,74,27
15000US13319,8,3
15000US51041,167,71
15000US13139,89,36
15000US51045,2,1
15000US51047,19,8
15000US13133,18,7
15000US13131,16,6
15000US13137,25,8
15000US13135,312,113
15000US47159,10,5
15000US44003,121,39
15000US47155,43,18
15000US51750,10,3
15000US47157,627,221
15000US47151,15,5
15000US47153,7,3
15000US30089,9,3
15000US21091,6,3
15000US21093,67,21
15000US21095,32,11
15000US21097,13,5
15000US30081,30,10
15000US19153,301,98
15000US30083,7,3
15000US19151,8,3
15000US30085,10,3
15000US19157,16,5
15000US30087,7,4
15000US19155,92,30
15000US05009,22,7
15000US48115,13,4
15000US48117,16,4
15000US48111,5,2
15000US48113,1668,529
15000US05001,20,8
15000US05003,20,7
15000US44005,61,23
15000US05005,29,9
15000US48119,3,2
15000US05007,137,49
15000US21147,13,4
15000US21145,52,16
15000US21143,6,3
15000US21141,20,6
15000US19081,12,4
15000US19083,19,6
15000US19085,13,5
15000US19087,15,5
15000US17029,50,12
15000US40109,660,241
15000US53061,500,151
15000US40107,11,4
15000US40105,11,4
15000US40103,10,4
15000US40101,60,16
15000US54065,12,4
15000US53063,321,105
15000US53065,33,12
15000US48359,1,1
15000US29217,17,6
15000US29215,21,4
15000US29213,33,10
15000US29211,7,3
15000US48029,1083,366
15000US29219,18,5
15000US42031,35,10
15000US46049,2,1
15000US42033,64,20
15000US28163,21,6
15000US28161,11,3
15000US42039,83,23
15000US46041,4,2
15000US46043,2,1
15000US46045,3,2
15000US46047,5,2
15000US20123,6,2
15000US31115,0,0
15000US20121,29,8
15000US31117,0,0
15000US20127,7,2
15000US31111,34,8
15000US20125,36,13
15000US31113,0,0
15000US20129,2,1
15000US47029,26,9
15000US31119,29,9
15000US72039,11,4
15000US48057,17,6
15000US48339,185,59
15000US48335,6,2
15000US48337,20,6
15000US48331,19,7
15000US48333,5,2
15000US54073,6,2
15000US23029,34,14
15000US54071,7,3
15000US54077,32,8
15000US54075,8,3
15000US23023,27,9
15000US23021,18,8
15000US54079,38,10
15000US23027,33,8
15000US23025,44,16
15000US28093,22,6
15000US27013,44,16
15000US28091,20,6
15000US27011,5,2
15000US28097,10,3
15000US27017,28,7
15000US20059,22,5
15000US27015,25,8
15000US20057,24,7
15000US20055,29,12
15000US27019,45,19
15000US20053,5,2
15000US20051,24,6
15000US31021,5,3
15000US31023,6,3
15000US31025,20,6
15000US35039,28,9
15000US31027,8,2
15000US35037,11,3
15000US31029,3,1
15000US35035,46,16
15000US51083,30,9
15000US35033,4,1
15000US35031,52,17
15000US26037,53,22
15000US29149,9,3
15000US38083,0,0
15000US29147,17,5
15000US29145,44,12
15000US29143,20,6
15000US29141,16,5
15000US06045,78,21
15000US06047,143,49
15000US06041,174,55
15000US06043,16,6
15000US06049,11,4
15000US51089,40,14
15000US46039,3,2
15000US51600,16,5
15000US51790,19,5
15000US02105,3,1
15000US02100,2,1
15000US72087,22,11
15000US50007,99,35
15000US72085,16,6
15000US72083,6,3
15000US72081,17,8
15000US50005,25,10
15000US72089,14,6
15000US50003,34,12
15000US51035,21,7
15000US51540,36,12
15000US17137,34,10
15000US17135,27,8
15000US17133,14,6
15000US17131,18,4
15000US50019,25,10
15000US17139,13,4
15000US39065,27,7
15000US32009,1,1
15000US39067,16,5
15000US39061,696,221
15000US39063,61,13
15000US32003,1293,487
15000US32001,19,7
15000US32007,36,14
15000US39069,26,7
15000US32005,31,17
15000US55039,85,20
15000US55031,41,13
15000US55033,29,8
15000US51810,301,100
15000US40099,13,3
15000US55037,4,2
15000US26059,40,12
15000US36029,778,237
15000US47033,11,5
15000US26051,23,9
15000US47115,18,6
15000US26053,24,8
15000US26055,56,17
15000US26057,36,10
15000US51009,20,9
15000US13059,71,29
15000US13055,21,6
15000US13057,84,26
15000US19119,12,3
15000US13051,204,71
15000US13053,9,5
15000US17003,8,4
15000US12059,14,4
15000US17007,26,7
15000US17005,14,4
15000US12053,106,45
15000US17009,5,2
15000US12057,880,321
15000US12055,78,27
15000US54009,21,6
15000US19113,136,45
15000US01063,9,3
15000US08083,21,7
15000US01061,23,6
15000US08081,14,4
15000US01067,15,6
15000US08087,24,8
15000US01065,12,6
15000US08085,32,10
15000US01069,69,22
15000US08089,19,7
15000US36119,703,223
15000US51680,48,19
15000US48159,6,3
15000US36111,151,47
15000US36113,46,19
15000US36115,45,17
15000US36117,61,23
15000US38071,11,3
15000US18169,32,8
15000US39119,74,19
15000US18161,6,2
15000US18163,158,49
15000US18165,18,5
15000US18167,93,28
15000US40043,4,3
15000US40041,28,9
15000US40047,45,12
15000US41069,1,1
15000US40045,2,2
15000US41067,302,104
15000US41065,21,8
15000US40049,25,9
15000US41063,6,2
15000US41061,25,8
15000US01119,13,4
15000US01117,111,48
15000US01115,38,13
15000US01113,35,13
15000US01111,17,6
15000US48155,0,0
15000US13125,2,1
15000US13127,54,16
15000US13121,543,204
15000US13123,15,5
15000US51059,648,258
15000US13129,28,9
15000US37033,17,6
15000US47129,14,5
15000US47121,5,3
15000US47123,27,7
15000US47125,84,38
15000US47127,3,2
15000US21083,28,9
15000US30075,1,1
15000US21081,14,4
15000US30077,7,2
15000US21087,10,4
15000US30071,3,1
15000US21085,22,7
15000US30073,6,2
15000US21089,28,9
15000US19149,21,6
15000US30079,0,0
15000US48107,5,3
15000US37085,60,27
15000US48105,4,1
15000US37087,47,16
15000US48103,4,1
15000US37081,291,118
15000US48101,2,1
15000US37083,50,12
15000US37089,71,27
15000US48109,3,1
15000US21151,49,18
15000US21153,11,4
15000US21155,14,6
15000US21157,21,6
15000US21159,9,3
15000US72021,160,62
15000US19091,10,4
15000US39011,40,11
15000US19097,21,6
15000US19095,13,4
15000US20203,2,1
15000US20201,7,2
15000US20207,1,1
15000US20205,5,3
15000US40133,26,9
15000US20209,160,69
15000US40137,34,11
15000US40135,25,9
15000US45053,15,5
15000US29201,34,10
15000US05101,6,2
15000US29203,7,2
15000US05103,25,6
15000US29205,6,3
15000US05105,8,3
15000US29207,25,8
15000US05107,23,6
15000US29209,23,6
15000US05109,8,3
15000US48039,177,51
15000US28153,16,4
15000US46059,3,2
15000US28151,53,19
15000US28157,7,2
15000US20119,3,2
15000US46053,3,2
15000US20117,10,4
15000US46051,8,2
15000US20115,13,4
15000US46057,4,2
15000US20113,28,7
15000US46055,1,1
15000US20111,31,8
15000US31107,5,3
15000US47051,26,9
15000US31105,3,1
15000US47053,39,14
15000US31103,0,0
15000US47055,18,8
15000US31101,8,3
15000US47057,15,5
15000US47059,47,15
15000US31109,200,74
15000US48329,96,27
15000US48327,2,1
15000US48325,25,8
15000US48323,28,9
15000US48321,35,11
15000US28085,25,6
15000US23017,47,17
15000US23015,34,10
15000US27009,27,9
15000US23013,40,11
15000US23011,102,31
15000US27005,27,10
15000US27007,32,10
15000US27001,16,6
15000US27003,234,82
15000US23019,116,46
15000US38097,9,4
15000US20069,6,2
15000US38093,21,6
15000US28089,59,21
15000US20063,2,2
15000US20061,24,8
15000US20067,6,2
15000US20065,3,2
15000US31033,9,3
15000US31031,6,2
15000US35009,39,12
15000US31037,9,3
15000US31035,6,2
15000US35003,2,1
15000US31039,7,3
15000US35001,435,153
15000US35006,20,7
15000US35007,15,3
15000US35005,51,16
15000US29159,37,11
15000US54005,16,8
15000US29151,10,4
15000US29153,9,2
15000US29155,18,6
15000US29157,15,5
15000US06057,74,20
15000US06055,105,40
15000US06053,232,94
15000US06051,16,3
15000US51135,15,4
15000US06059,1822,583
15000US48193,8,3
15000US51700,126,44
15000US16039,15,5
15000US16035,12,2
15000US16037,3,1
15000US16031,18,6
15000US16033,0,0
15000US51610,7,3
15000US45047,48,14
15000US54069,47,18
15000US02170,48,23
15000US54067,20,7
15000US54061,99,24
15000US54063,11,3
15000US51137,15,5
15000US51530,5,1
15000US17121,42,12
15000US17123,11,5
15000US17125,19,6
15000US17127,13,4
15000US17129,12,3
15000US50009,5,3
15000US39077,47,13
15000US39075,22,8
15000US39073,22,7
15000US24009,44,19
15000US39071,34,9
15000US32031,311,112
15000US24005,528,214
15000US38077,14,6
15000US24001,53,23
15000US39079,29,7
15000US24003,311,105
15000US51131,12,4
15000US36059,1142,284
15000US36051,44,15
15000US36053,46,16
15000US36055,608,193
15000US36057,41,16
15000US13029,13,7
15000US17019,149,43
15000US17015,17,6
15000US13021,125,44
15000US17017,14,5
15000US13023,7,3
15000US17011,36,10
15000US13025,8,3
15000US17013,4,2
15000US13027,14,5
15000US12045,14,4
15000US12047,9,3
15000US12041,12,5
15000US12043,10,4
15000US12049,19,6
15000US08099,13,5
15000US01059,25,9
15000US08095,5,2
15000US01057,17,5
15000US08097,12,4
15000US01055,82,30
15000US08091,3,1
15000US01053,29,9
15000US08093,11,5
15000US01051,45,15
15000US51193,15,4
15000US51191,34,13
15000US51197,23,6
15000US37041,13,3
15000US51199,40,15
15000US18179,25,7
15000US37043,6,2
15000US39109,85,21
15000US18173,42,11
15000US18171,8,2
15000US18177,51,17
15000US18175,21,6
15000US37045,76,22
15000US41059,63,15
15000US41053,40,12
15000US37047,46,13
15000US41057,28,9
15000US41055,1,1
15000US51820,16,4
15000US01129,16,5
15000US37049,63,21
15000US01123,35,10
15000US01121,53,22
15000US01127,57,18
15000US01125,114,47
15000US53053,559,171
15000US51069,45,14
15000US51067,31,10
15000US51065,12,4
15000US51063,7,3
15000US51061,35,17
15000US13151,62,25
15000US13153,73,23
15000US13155,7,2
15000US13157,28,11
15000US13159,6,2
15000US26035,26,10
15000US47139,11,4
15000US47133,14,7
15000US26033,36,16
15000US47131,27,10
15000US47137,4,1
15000US47135,6,2
15000US30067,16,6
15000US19131,11,3
15000US30065,4,2
15000US19133,11,4
15000US30063,75,20
15000US26031,25,9
15000US30061,3,2
15000US19137,11,4
15000US19139,33,10
15000US30069,0,0
15000US37097,111,44
15000US48133,18,5
15000US37095,5,3
15000US48131,9,3
15000US37093,24,9
15000US48137,1,1
15000US37091,18,5
15000US48135,108,28
15000US48139,93,31
15000US37099,25,9
15000US40059,1,1
15000US40055,5,2
15000US40057,1,1
15000US40051,38,9
15000US40053,3,1
15000US40125,52,16
15000US55085,37,14
15000US40127,8,3
15000US40121,41,12
15000US40123,31,10
15000US40129,2,1
15000US39107,32,9
15000US21189,4,2
15000US19049,42,15
15000US19045,47,12
15000US19047,16,5
15000US53057,81,30
15000US19041,17,4
15000US19043,18,6
15000US48009,8,3
15000US39103,109,37
15000US48005,51,17
15000US48003,10,3
15000US48001,38,11
15000US05113,15,6
15000US05111,22,7
15000US05117,9,3
15000US39101,56,17
15000US05115,32,11
15000US05119,290,95
15000US20109,2,1
15000US46067,6,3
15000US45059,57,17
15000US46065,14,4
15000US46063,0,0
15000US46061,2,1
15000US20101,2,1
15000US20103,49,16
15000US20105,3,1
15000US20107,9,2
15000US46069,1,1
15000US47043,29,10
15000US31133,2,1
15000US47041,12,4
15000US31131,11,5
15000US47047,32,11
15000US31137,10,3
15000US47045,25,8
15000US31135,2,1
15000US47049,11,4
15000US31139,5,2
15000US29099,128,42
15000US53029,56,22
15000US29091,31,8
15000US29093,8,4
15000US29095,547,198
15000US29097,93,22
15000US48319,4,2
15000US32027,4,1
15000US48313,10,4
15000US48311,0,0
15000US48317,3,1
15000US48315,9,4
15000US23001,71,28
15000US27079,21,6
15000US23003,79,24
15000US39005,43,11
15000US23005,212,67
15000US23007,25,9
15000US23009,49,18
15000US27071,13,4
15000US27073,7,3
15000US27075,12,4
15000US27077,2,1
15000US20075,1,1
15000US20077,6,3
15000US20071,1,1
15000US20073,8,3
15000US31009,0,0
15000US38089,23,8
15000US31007,0,0
15000US31005,0,0
15000US20079,26,6
15000US31003,7,3
15000US31001,28,9
15000US35015,43,11
15000US35017,24,8
15000US35011,1,1
15000US35013,128,41
15000US35019,3,1
15000US32029,2,1
15000US28149,38,12
15000US28145,18,6
15000US28147,12,3
15000US28141,16,4
15000US28143,6,3
15000US02016,2,1
15000US06061,212,85
15000US02013,2,1
15000US06067,911,317
15000US06065,1029,452
15000US06069,39,11
15000US27105,21,6
15000US27107,8,3
15000US27101,7,3
15000US16029,6,2
15000US27103,20,7
15000US16027,83,28
15000US38057,6,3
15000US16025,0,0
15000US16023,2,1
15000US27109,110,33
15000US16021,8,2
15000US72091,27,10
15000US51660,26,11
15000US46089,2,1
15000US46085,3,1
15000US46087,5,2
15000US46081,16,5
15000US46083,29,11
15000US54019,38,12
15000US06115,48,14
15000US06113,121,41
15000US06111,429,173
15000US54011,81,29
15000US54013,5,2
15000US54015,7,3
15000US02164,1,1
15000US48379,4,2
15000US51520,12,4
15000US32021,3,2
15000US39043,69,19
15000US32023,22,10
15000US39041,87,35
15000US39047,25,7
15000US24019,29,10
15000US39045,93,28
15000US24017,80,31
15000US24015,56,19
15000US39049,886,284
15000US24013,105,38
15000US24011,22,9
15000US48483,4,2
15000US36049,21,7
15000US48481,34,11
15000US48487,11,4
15000US48485,105,37
15000US36043,61,19
15000US36041,7,4
15000US48489,15,6
15000US36047,2084,761
15000US36045,95,26
15000US29059,14,3
15000US17069,5,2
15000US13039,24,11
15000US13033,15,6
15000US17061,16,5
15000US13031,41,12
15000US17063,33,10
15000US13037,5,2
15000US17065,9,3
15000US13035,13,3
15000US17067,21,7
15000US12031,489,174
15000US55023,15,6
15000US12033,190,72
15000US12035,51,21
15000US12037,12,6
15000US48433,1,1
15000US12039,31,9
15000US01049,52,14
15000US17201,262,77
15000US17203,29,9
15000US39135,33,12
15000US01041,9,6
15000US01043,61,18
15000US01045,42,14
15000US51550,121,40
15000US01047,38,15
15000US18091,83,29
15000US18093,38,10
15000US18095,108,37
15000US18097,631,224
15000US51185,35,11
15000US18099,37,12
15000US51187,26,8
15000US29053,13,5
15000US51181,6,2
15000US51183,10,5
15000US49053,56,21
15000US49051,9,4
15000US45039,17,5
15000US49055,1,1
15000US45035,66,25
15000US45037,18,6
15000US45031,54,16
15000US45033,27,6
15000US18147,15,5
15000US18145,34,10
15000US18143,17,5
15000US13321,14,5
15000US18141,226,75
15000US53049,19,8
15000US39133,100,35
15000US39131,21,6
15000US39137,26,7
15000US18149,21,7
15000US41045,30,7
15000US21137,18,6
15000US41047,191,58
15000US41041,39,18
15000US41043,84,21
15000US30109,0,0
15000US41049,10,2
15000US01131,11,3
15000US01133,22,7
15000US47015,9,3
15000US51079,9,3
15000US47017,22,8
15000US51071,14,4
15000US51073,23,8
15000US39009,47,15
15000US51075,13,5
15000US51077,16,5
15000US47011,54,19
15000US13143,16,5
15000US13141,6,2
15000US13147,18,5
15000US13145,15,5
15000US13149,7,3
15000US47013,31,11
15000US47107,33,10
15000US47105,30,10
15000US47103,23,9
15000US47101,6,2
15000US30105,7,3
15000US19123,20,7
15000US30053,16,5
15000US19121,11,3
15000US30051,1,1
15000US19127,40,10
15000US21139,8,2
15000US19125,27,8
15000US30055,1,1
15000US48125,2,1
15000US19129,12,5
15000US30059,1,1
15000US48121,377,137
15000US48123,16,5
15000US40029,5,2
15000US40021,31,9
15000US40023,16,5
15000US40025,3,2
15000US19135,7,3
15000US40151,9,3
15000US40153,18,5
15000US21195,61,19
15000US21197,10,2
15000US17089,273,82
15000US21191,10,3
15000US21193,24,8
15000US19057,42,11
15000US19055,17,4
15000US21199,42,14
15000US19051,7,2
15000US48019,11,5
15000US05129,9,3
15000US48011,2,1
15000US05127,8,3
15000US48013,24,8
15000US05125,60,21
15000US48015,19,6
15000US05123,26,6
15000US48017,5,1
15000US05121,15,4
15000US72025,115,33
15000US37139,25,10
15000US37135,74,27
15000US37137,12,5
15000US37131,21,5
15000US29187,42,11
15000US46071,3,2
15000US46073,1,1
15000US31129,4,2
15000US46077,5,2
15000US47079,27,9
15000US31125,4,1
15000US47077,18,6
15000US31127,7,2
15000US47075,14,6
15000US31121,7,3
15000US47073,35,13
15000US31123,4,1
15000US18059,36,10
15000US55021,43,12
15000US29089,9,3
15000US48207,5,2
15000US53039,18,3
15000US49017,3,2
15000US29083,20,6
15000US29081,10,3
15000US29087,5,3
15000US29085,8,3
15000US48201,2143,786
15000US48305,3,2
15000US38067,9,5
15000US48307,9,3
15000US48301,0,0
15000US48303,203,68
15000US48221,29,10
15000US48309,164,51
15000US49013,11,3
15000US28045,32,8
15000US27069,6,2
15000US28047,135,45
15000US28041,8,2
15000US28043,16,5
15000US27063,12,4
15000US27061,40,11
15000US27067,33,12
15000US28049,184,64
15000US27065,13,4
15000US31019,37,11
15000US20001,12,4
15000US20003,6,2
15000US20005,15,4
15000US20007,5,2
15000US31011,6,2
15000US20009,29,8
15000US31013,11,3
15000US53077,148,45
15000US31015,1,1
15000US31017,1,1
15000US35061,50,17
15000US28139,15,4
15000US28131,8,3
15000US28133,24,7
15000US48353,16,5
15000US28135,11,4
15000US28137,15,5
15000US02020,213,55
15000US27117,10,5
15000US27115,19,8
15000US16019,67,21
15000US27113,13,5
15000US27111,53,17
15000US16013,12,4
15000US16011,29,8
15000US16017,34,9
15000US27119,31,10
15000US16015,3,1
15000US42081,112,29
15000US42083,33,12
15000US72023,33,12
15000US42085,110,30
15000US46099,119,42
15000US42087,37,12
15000US46097,2,1
15000US42089,93,33
15000US46095,1,1
15000US51678,5,1
15000US46093,16,5
15000US46091,2,1
15000US06101,61,21
15000US06103,42,11
15000US06105,12,5
15000US02150,9,5
15000US45079,244,89
15000US06109,47,11
15000US54001,15,4
15000US54007,12,3
15000US02158,3,1
15000US51510,105,38
15000US50025,47,18
15000US50027,54,18
15000US50021,59,20
15000US50023,52,19
15000US39105,22,6
15000US18021,26,6
15000US39059,34,10
15000US38061,5,2
15000US39055,64,21
15000US39057,111,35
15000US39051,30,9
15000US18023,31,8
15000US39053,24,7
15000US24029,19,6
15000US06079,162,54
15000US06075,580,197
15000US18025,8,3
15000US06077,394,139
15000US24021,189,61
15000US06071,1091,369
15000US24027,153,55
15000US06073,1794,628
15000US24025,166,57
15000US48499,27,10
15000US12069,147,56
15000US48495,8,3
15000US48497,34,11
15000US48491,242,89
15000US48493,28,11
15000US26083,3,3
15000US26081,388,128
15000US26087,63,24
15000US26085,11,4
15000US26089,16,7
15000US36079,68,19
15000US13007,3,2
15000US17079,12,3
15000US13005,8,3
15000US13003,5,3
15000US13001,13,5
15000US17073,51,13
15000US17071,8,3
15000US17077,52,14
15000US17075,31,9
15000US13009,30,9
15000US12023,39,12
15000US12021,192,74
15000US12027,25,9
15000US12061,92,31
15000US12029,12,4
15000US24510,652,200
15000US18083,42,10
15000US53051,13,5
15000US18081,73,22
15000US18087,23,8
15000US18085,57,19
15000US21183,19,7
15000US49045,31,11
15000US18089,361,118
15000US49041,15,5
15000US25027,559,172
15000US49043,35,13
15000US21181,5,2
15000US26159,66,16
15000US45029,30,10
15000US45027,29,12
15000US26155,55,17
15000US45025,32,10
15000US26157,49,14
15000US45023,30,11
15000US26151,41,13
15000US45021,40,13
15000US26153,6,4
15000US18151,30,9
15000US13313,70,18
15000US18153,19,5
15000US13311,11,5
15000US18155,7,3
15000US13317,10,4
15000US18157,101,37
15000US13315,5,4
15000US18159,16,4
15000US21185,35,14
15000US39129,35,13
15000US41031,15,6
15000US41033,53,16
15000US41035,66,20
15000US41037,8,2
15000US41039,257,87
15000US44009,93,30
15000US51085,54,23
15000US51087,170,64
15000US51081,5,3
15000US13179,31,15
15000US13177,12,5
15000US13175,35,13
15000US13173,6,2
15000US13171,11,3
15000US36099,36,10
15000US48007,18,6
15000US36095,32,8
15000US36097,18,5
15000US36091,138,50
15000US36093,137,43
15000US47111,12,4
15000US21055,9,4
15000US47113,69,27
15000US21057,7,2
15000US30049,50,14
15000US21051,18,6
15000US47117,18,6
15000US21053,6,3
15000US30045,1,1
15000US19117,9,4
15000US30047,24,7
15000US19115,11,3
15000US30041,18,6
15000US21059,67,23
15000US30043,9,3
15000US19111,33,11
15000US34035,180,68
15000US34037,107,41
15000US34031,364,100
15000US34033,49,24
15000US48151,4,2
15000US48153,7,2
15000US34039,416,108
15000US48157,208,76
15000US51840,23,5
15000US40039,21,5
15000US37029,5,2
15000US40033,5,2
15000US40031,83,32
15000US40037,46,20
15000US40035,12,5
15000US40143,426,174
15000US40141,9,5
15000US40147,42,13
15000US40145,41,22
15000US40149,8,4
15000US19069,10,3
15000US37023,57,18
15000US19063,10,4
15000US19061,79,26
15000US19067,16,5
15000US19065,21,7
15000US05139,40,10
15000US37021,153,55
15000US05131,92,26
15000US05133,10,4
15000US05135,17,4
15000US05137,9,3
15000US37027,61,17
15000US37129,119,45
15000US48425,4,2
15000US37127,64,18
15000US37125,56,18
15000US37025,93,37
15000US37123,21,6
15000US37121,13,4
15000US47069,17,6
15000US31159,11,4
15000US48427,36,14
15000US38079,11,4
15000US47061,10,4
15000US31151,9,4
15000US47063,41,12
15000US31153,136,43
15000US47065,246,82
15000US31155,15,5
15000US47067,4,2
15000US31157,35,11
15000US46109,11,4
15000US48423,129,41
15000US53009,54,22
15000US53003,20,6
15000US53001,14,5
15000US53007,54,14
15000US53005,136,37
15000US48371,13,4
15000US48373,30,10
15000US48375,96,34
15000US48377,5,2
15000US13213,25,8
15000US46107,1,1
15000US28057,17,5
15000US27057,16,7
15000US28055,1,1
15000US27055,12,5
15000US28053,8,3
15000US27053,972,299
15000US28051,18,5
15000US27051,4,2
15000US29055,20,6
15000US29057,8,2
15000US29051,53,15
15000US28059,100,29
15000US27059,21,8
15000US20013,10,3
15000US20011,15,5
15000US20017,3,1
15000US20015,41,13
15000US20019,5,1
15000US46102,8,3
15000US47027,6,2
15000US29183,168,79
15000US28129,14,3
15000US29181,13,4
15000US29186,14,4
15000US13219,13,6
15000US29185,8,3
15000US28123,21,6
15000US48205,3,1
15000US28121,74,27
15000US29189,691,199
15000US28127,24,5
15000US38075,2,1
15000US28125,5,2
15000US48203,51,14
15000US54103,17,5
15000US54101,6,3
15000US54107,68,26
15000US54105,3,2
15000US54109,18,6
15000US16005,59,22
15000US27123,400,137
15000US16007,6,2
15000US27121,11,4
15000US16001,168,59
15000US27127,15,6
15000US16003,2,1
15000US27125,4,2
15000US27129,16,6
15000US16009,8,2
15000US51640,7,2
15000US42093,12,4
15000US38045,3,2
15000US42091,559,211
15000US42097,91,24
15000US42095,201,68
15000US42099,34,10
15000US38047,1,1
15000US54037,31,15
15000US54035,22,6
15000US54033,55,22
15000US54031,11,3
15000US38041,2,1
15000US54039,170,53
15000US38043,2,1
15000US41071,53,17
15000US39029,93,24
15000US38049,3,2
15000US39023,135,44
15000US39025,117,40
15000US39027,31,9
15000US24035,27,14
15000US06009,29,9
15000US24037,55,18
15000US24031,613,215
15000US24033,522,218
15000US53025,45,16
15000US06001,1046,360
15000US06003,1,1
15000US24039,19,8
15000US06005,27,9
15000US06007,194,51
